Dan.Graham = Dan Graham <Dan.Graham@foresee.com>
alexei.white = Alexei White <alexei.white@foresee.com>
amin.moshgabadi = Amin Moshgabadi <amin.moshgabadi@foresee.com>
ani.pendakur = Ani Pendakur <ani.pendakur@foresee.com>
bill.cowan = Bill Cowan <bill.cowan@foresee.com>
brett.fattori = Brett Fattori <brett.fattori@foresee.com>
brian.reindel = Brian Reindel <brian.reindel@foresee.com>
dan.graham = Dan Graham <dan.graham@foresee.com>
dangraham = Dan Graham <dangraham@foresee.com>
elliott.richards = Elliott Richards <elliott.richards@foresee.com>
emanuel.bulic = Emanuel Bulic <emanuel.bulic@foresee.com>
marcel.bosio = Marcel Bosio <marcel.bosio@foresee.com>
matt.riggs = Matt Riggs <matt.riggs@foresee.com>
mitch.cohen = Mitch Cohen <mitch.cohen@foresee.com>
pablo.suarez = Pablo Suarez <pablo.suarez@foresee.com>
ryan.bosinger = Ryan Bosinger <ryan.bosinger@foresee.com>
tom.mcdonald = Tom Mcdonald <tom.mcdonald@foresee.com>
tommcdonald = Tom Mcdonald <tom.mcdonald@foresee.com>
